sample_id,source_task_id,owner_label,target,sample_kind,split,event_id,anchor_time,original_v10_time,lead_bars,lead_minutes,causal_start_time,box_start_time,box_end_time,box_span_bars,box_xc,box_yc,box_w,box_h,image_rel,label_rel
neg_eth3m_20260314T063900Z_t038,38,不是,0,owner_no_hard_negative,train,1,2026-03-14T06:39:00+00:00,2026-03-14T06:39:00+00:00,0,0,2026-03-13T20:42:00+00:00,,,0,,,,,images/train/neg_eth3m_20260314T063900Z_t038.png,labels/train/neg_eth3m_20260314T063900Z_t038.txt
pos_eth3m_20260315T123900Z_t041,41,是,1,owner_yes_early_anchor,train,2,2026-03-15T12:39:00+00:00,2026-03-15T13:09:00+00:00,10,30,2026-03-15T02:42:00+00:00,2026-03-15T12:27:00+00:00,2026-03-15T12:39:00+00:00,5,0.98046875,0.433288409703504,0.0328125,0.04716981132075472,images/train/pos_eth3m_20260315T123900Z_t041.png,labels/train/pos_eth3m_20260315T123900Z_t041.txt
neg_eth3m_20260316T084200Z_t039,39,不是,0,owner_no_hard_negative,train,3,2026-03-16T08:42:00+00:00,2026-03-16T08:42:00+00:00,0,0,2026-03-15T22:45:00+00:00,,,0,,,,,images/train/neg_eth3m_20260316T084200Z_t039.png,labels/train/neg_eth3m_20260316T084200Z_t039.txt
neg_eth3m_20260316T084500Z_t160,160,不是,0,owner_no_hard_negative,train,3,2026-03-16T08:45:00+00:00,2026-03-16T08:45:00+00:00,0,0,2026-03-15T22:48:00+00:00,,,0,,,,,images/train/neg_eth3m_20260316T084500Z_t160.png,labels/train/neg_eth3m_20260316T084500Z_t160.txt
neg_eth3m_20260316T143600Z_t154,154,不是,0,owner_no_hard_negative,train,4,2026-03-16T14:36:00+00:00,2026-03-16T14:36:00+00:00,0,0,2026-03-16T04:39:00+00:00,,,0,,,,,images/train/neg_eth3m_20260316T143600Z_t154.png,labels/train/neg_eth3m_20260316T143600Z_t154.txt
neg_eth3m_20260316T144500Z_t049,49,不是,0,owner_no_hard_negative,train,4,2026-03-16T14:45:00+00:00,2026-03-16T14:45:00+00:00,0,0,2026-03-16T04:48:00+00:00,,,0,,,,,images/train/neg_eth3m_20260316T144500Z_t049.png,labels/train/neg_eth3m_20260316T144500Z_t049.txt
pos_eth3m_20260317T030300Z_t089,89,是,1,owner_yes_early_anchor,train,5,2026-03-17T03:03:00+00:00,2026-03-17T03:36:00+00:00,11,33,2026-03-16T17:06:00+00:00,2026-03-17T02:51:00+00:00,2026-03-17T03:03:00+00:00,5,0.98046875,0.3793800539083558,0.0328125,0.06064690026954178,images/train/pos_eth3m_20260317T030300Z_t089.png,labels/train/pos_eth3m_20260317T030300Z_t089.txt
neg_eth3m_20260317T043300Z_t107,107,不是,0,owner_no_hard_negative,train,6,2026-03-17T04:33:00+00:00,2026-03-17T04:33:00+00:00,0,0,2026-03-16T18:36:00+00:00,,,0,,,,,images/train/neg_eth3m_20260317T043300Z_t107.png,labels/train/neg_eth3m_20260317T043300Z_t107.txt
neg_eth3m_20260317T090900Z_t065,65,不是,0,owner_no_hard_negative,train,7,2026-03-17T09:09:00+00:00,2026-03-17T09:09:00+00:00,0,0,2026-03-16T23:12:00+00:00,,,0,,,,,images/train/neg_eth3m_20260317T090900Z_t065.png,labels/train/neg_eth3m_20260317T090900Z_t065.txt
neg_eth3m_20260317T091200Z_t105,105,不是,0,owner_no_hard_negative,train,7,2026-03-17T09:12:00+00:00,2026-03-17T09:12:00+00:00,0,0,2026-03-16T23:15:00+00:00,,,0,,,,,images/train/neg_eth3m_20260317T091200Z_t105.png,labels/train/neg_eth3m_20260317T091200Z_t105.txt
neg_eth3m_20260317T153900Z_t197,197,不是,0,owner_no_hard_negative,train,8,2026-03-17T15:39:00+00:00,2026-03-17T15:39:00+00:00,0,0,2026-03-17T05:42:00+00:00,,,0,,,,,images/train/neg_eth3m_20260317T153900Z_t197.png,labels/train/neg_eth3m_20260317T153900Z_t197.txt
neg_eth3m_20260317T195400Z_t149,149,不是,0,owner_no_hard_negative,train,9,2026-03-17T19:54:00+00:00,2026-03-17T19:54:00+00:00,0,0,2026-03-17T09:57:00+00:00,,,0,,,,,images/train/neg_eth3m_20260317T195400Z_t149.png,labels/train/neg_eth3m_20260317T195400Z_t149.txt
neg_eth3m_20260317T195700Z_t027,27,不是,0,owner_no_hard_negative,train,9,2026-03-17T19:57:00+00:00,2026-03-17T19:57:00+00:00,0,0,2026-03-17T10:00:00+00:00,,,0,,,,,images/train/neg_eth3m_20260317T195700Z_t027.png,labels/train/neg_eth3m_20260317T195700Z_t027.txt
pos_eth3m_20260318T103300Z_t117,117,是,1,owner_yes_early_anchor,train,10,2026-03-18T10:33:00+00:00,2026-03-18T11:03:00+00:00,10,30,2026-03-18T00:36:00+00:00,2026-03-18T10:21:00+00:00,2026-03-18T10:33:00+00:00,5,0.98046875,0.5121293800539084,0.0328125,0.05660377358490566,images/train/pos_eth3m_20260318T103300Z_t117.png,labels/train/pos_eth3m_20260318T103300Z_t117.txt
pos_eth3m_20260318T105700Z_t192,192,是,1,owner_yes_early_anchor,train,10,2026-03-18T10:57:00+00:00,2026-03-18T11:30:00+00:00,11,33,2026-03-18T01:00:00+00:00,2026-03-18T10:45:00+00:00,2026-03-18T10:57:00+00:00,5,0.98046875,0.5336927223719676,0.0328125,0.06199460916442048,images/train/pos_eth3m_20260318T105700Z_t192.png,labels/train/pos_eth3m_20260318T105700Z_t192.txt
pos_eth3m_20260318T110000Z_t142,142,是,1,owner_yes_early_anchor,train,10,2026-03-18T11:00:00+00:00,2026-03-18T11:36:00+00:00,12,36,2026-03-18T01:03:00+00:00,2026-03-18T10:48:00+00:00,2026-03-18T11:00:00+00:00,5,0.98046875,0.5390835579514824,0.0328125,0.0646900269541779,images/train/pos_eth3m_20260318T110000Z_t142.png,labels/train/pos_eth3m_20260318T110000Z_t142.txt
pos_eth3m_20260318T110300Z_t104,104,是,1,owner_yes_early_anchor,train,10,2026-03-18T11:03:00+00:00,2026-03-18T11:39:00+00:00,12,36,2026-03-18T01:06:00+00:00,2026-03-18T10:51:00+00:00,2026-03-18T11:03:00+00:00,5,0.98046875,0.534366576819407,0.0328125,0.07412398921832884,images/train/pos_eth3m_20260318T110300Z_t104.png,labels/train/pos_eth3m_20260318T110300Z_t104.txt
pos_eth3m_20260318T110900Z_t131,131,是,1,owner_yes_early_anchor,train,10,2026-03-18T11:09:00+00:00,2026-03-18T11:48:00+00:00,13,39,2026-03-18T01:12:00+00:00,2026-03-18T10:57:00+00:00,2026-03-18T11:09:00+00:00,5,0.98046875,0.5357142857142857,0.0328125,0.07951482479784366,images/train/pos_eth3m_20260318T110900Z_t131.png,labels/train/pos_eth3m_20260318T110900Z_t131.txt
pos_eth3m_20260319T063000Z_t021,21,是,1,owner_yes_early_anchor,train,11,2026-03-19T06:30:00+00:00,2026-03-19T07:09:00+00:00,13,39,2026-03-18T20:33:00+00:00,2026-03-19T06:18:00+00:00,2026-03-19T06:30:00+00:00,5,0.98046875,0.5741239892183289,0.0328125,0.1078167115902965,images/train/pos_eth3m_20260319T063000Z_t021.png,labels/train/pos_eth3m_20260319T063000Z_t021.txt
neg_eth3m_20260319T071500Z_t073,73,不是,0,owner_no_hard_negative,train,11,2026-03-19T07:15:00+00:00,2026-03-19T07:15:00+00:00,0,0,2026-03-18T21:18:00+00:00,,,0,,,,,images/train/neg_eth3m_20260319T071500Z_t073.png,labels/train/neg_eth3m_20260319T071500Z_t073.txt
neg_eth3m_20260319T072400Z_t026,26,不是,0,owner_no_hard_negative,train,11,2026-03-19T07:24:00+00:00,2026-03-19T07:24:00+00:00,0,0,2026-03-18T21:27:00+00:00,,,0,,,,,images/train/neg_eth3m_20260319T072400Z_t026.png,labels/train/neg_eth3m_20260319T072400Z_t026.txt
pos_eth3m_20260319T113300Z_t166,166,是,1,owner_yes_early_anchor,train,12,2026-03-19T11:33:00+00:00,2026-03-19T12:06:00+00:00,11,33,2026-03-19T01:36:00+00:00,2026-03-19T11:21:00+00:00,2026-03-19T11:33:00+00:00,5,0.98046875,0.5808625336927223,0.0328125,0.05390835579514825,images/train/pos_eth3m_20260319T113300Z_t166.png,labels/train/pos_eth3m_20260319T113300Z_t166.txt
pos_eth3m_20260319T120600Z_t052,52,是,1,owner_yes_early_anchor,train,12,2026-03-19T12:06:00+00:00,2026-03-19T12:45:00+00:00,13,39,2026-03-19T02:09:00+00:00,2026-03-19T11:54:00+00:00,2026-03-19T12:06:00+00:00,5,0.98046875,0.6037735849056604,0.0328125,0.09973045822102426,images/train/pos_eth3m_20260319T120600Z_t052.png,labels/train/pos_eth3m_20260319T120600Z_t052.txt
pos_eth3m_20260319T121200Z_t042,42,是,1,owner_yes_early_anchor,train,12,2026-03-19T12:12:00+00:00,2026-03-19T12:48:00+00:00,12,36,2026-03-19T02:15:00+00:00,2026-03-19T12:00:00+00:00,2026-03-19T12:12:00+00:00,5,0.98046875,0.6078167115902965,0.0328125,0.1078167115902965,images/train/pos_eth3m_20260319T121200Z_t042.png,labels/train/pos_eth3m_20260319T121200Z_t042.txt
neg_eth3m_20260319T130900Z_t148,148,不是,0,owner_no_hard_negative,train,12,2026-03-19T13:09:00+00:00,2026-03-19T13:09:00+00:00,0,0,2026-03-19T03:12:00+00:00,,,0,,,,,images/train/neg_eth3m_20260319T130900Z_t148.png,labels/train/neg_eth3m_20260319T130900Z_t148.txt
pos_eth3m_20260320T021500Z_t096,96,是,1,owner_yes_early_anchor,train,13,2026-03-20T02:15:00+00:00,2026-03-20T02:33:00+00:00,6,18,2026-03-19T16:18:00+00:00,2026-03-20T01:57:00+00:00,2026-03-20T02:15:00+00:00,7,0.97578125,0.3921832884097035,0.0421875,0.09433962264150944,images/train/pos_eth3m_20260320T021500Z_t096.png,labels/train/pos_eth3m_20260320T021500Z_t096.txt
neg_eth3m_20260320T044200Z_t111,111,不是,0,owner_no_hard_negative,train,14,2026-03-20T04:42:00+00:00,2026-03-20T04:42:00+00:00,0,0,2026-03-19T18:45:00+00:00,,,0,,,,,images/train/neg_eth3m_20260320T044200Z_t111.png,labels/train/neg_eth3m_20260320T044200Z_t111.txt
neg_eth3m_20260320T100600Z_t162,162,不是,0,owner_no_hard_negative,train,15,2026-03-20T10:06:00+00:00,2026-03-20T10:06:00+00:00,0,0,2026-03-20T00:09:00+00:00,,,0,,,,,images/train/neg_eth3m_20260320T100600Z_t162.png,labels/train/neg_eth3m_20260320T100600Z_t162.txt
pos_eth3m_20260321T232100Z_t085,85,是,1,owner_yes_early_anchor,train,16,2026-03-21T23:21:00+00:00,2026-03-22T00:00:00+00:00,13,39,2026-03-21T13:24:00+00:00,2026-03-21T23:09:00+00:00,2026-03-21T23:21:00+00:00,5,0.98046875,0.5296495956873315,0.0328125,0.04582210242587601,images/train/pos_eth3m_20260321T232100Z_t085.png,labels/train/pos_eth3m_20260321T232100Z_t085.txt
pos_eth3m_20260322T073300Z_t044,44,是,1,owner_yes_early_anchor,train,17,2026-03-22T07:33:00+00:00,2026-03-22T07:45:00+00:00,4,12,2026-03-21T21:36:00+00:00,2026-03-22T07:09:00+00:00,2026-03-22T07:33:00+00:00,9,0.970703125,0.4420485175202156,0.05234375,0.07547169811320754,images/train/pos_eth3m_20260322T073300Z_t044.png,labels/train/pos_eth3m_20260322T073300Z_t044.txt
pos_eth3m_20260322T074500Z_t023,23,是,1,owner_yes_early_anchor,train,17,2026-03-22T07:45:00+00:00,2026-03-22T08:24:00+00:00,13,39,2026-03-21T21:48:00+00:00,2026-03-22T07:33:00+00:00,2026-03-22T07:45:00+00:00,5,0.98046875,0.4440700808625337,0.0328125,0.07142857142857142,images/train/pos_eth3m_20260322T074500Z_t023.png,labels/train/pos_eth3m_20260322T074500Z_t023.txt
neg_eth3m_20260322T083300Z_t144,144,不是,0,owner_no_hard_negative,train,17,2026-03-22T08:33:00+00:00,2026-03-22T08:33:00+00:00,0,0,2026-03-21T22:36:00+00:00,,,0,,,,,images/train/neg_eth3m_20260322T083300Z_t144.png,labels/train/neg_eth3m_20260322T083300Z_t144.txt
pos_eth3m_20260322T180000Z_t013,13,是,1,owner_yes_early_anchor,train,18,2026-03-22T18:00:00+00:00,2026-03-22T18:36:00+00:00,12,36,2026-03-22T08:03:00+00:00,2026-03-22T17:48:00+00:00,2026-03-22T18:00:00+00:00,5,0.98046875,0.5397574123989218,0.0328125,0.02021563342318059,images/train/pos_eth3m_20260322T180000Z_t013.png,labels/train/pos_eth3m_20260322T180000Z_t013.txt
pos_eth3m_20260322T180300Z_t141,141,是,1,owner_yes_early_anchor,train,18,2026-03-22T18:03:00+00:00,2026-03-22T18:39:00+00:00,12,36,2026-03-22T08:06:00+00:00,2026-03-22T17:51:00+00:00,2026-03-22T18:03:00+00:00,5,0.98046875,0.5397574123989218,0.0328125,0.022911051212938006,images/train/pos_eth3m_20260322T180300Z_t141.png,labels/train/pos_eth3m_20260322T180300Z_t141.txt
pos_eth3m_20260322T184200Z_t185,185,是,1,owner_yes_early_anchor,train,18,2026-03-22T18:42:00+00:00,2026-03-22T19:18:00+00:00,12,36,2026-03-22T08:45:00+00:00,2026-03-22T18:30:00+00:00,2026-03-22T18:42:00+00:00,5,0.98046875,0.5269541778975741,0.0328125,0.07547169811320754,images/train/pos_eth3m_20260322T184200Z_t185.png,labels/train/pos_eth3m_20260322T184200Z_t185.txt
neg_eth3m_20260322T191500Z_t196,196,不是,0,owner_no_hard_negative,train,18,2026-03-22T19:15:00+00:00,2026-03-22T19:15:00+00:00,0,0,2026-03-22T09:18:00+00:00,,,0,,,,,images/train/neg_eth3m_20260322T191500Z_t196.png,labels/train/neg_eth3m_20260322T191500Z_t196.txt
neg_eth3m_20260322T210900Z_t186,186,不是,0,owner_no_hard_negative,train,19,2026-03-22T21:09:00+00:00,2026-03-22T21:09:00+00:00,0,0,2026-03-22T11:12:00+00:00,,,0,,,,,images/train/neg_eth3m_20260322T210900Z_t186.png,labels/train/neg_eth3m_20260322T210900Z_t186.txt
neg_eth3m_20260322T211800Z_t175,175,不是,0,owner_no_hard_negative,train,19,2026-03-22T21:18:00+00:00,2026-03-22T21:18:00+00:00,0,0,2026-03-22T11:21:00+00:00,,,0,,,,,images/train/neg_eth3m_20260322T211800Z_t175.png,labels/train/neg_eth3m_20260322T211800Z_t175.txt
neg_eth3m_20260323T003300Z_t128,128,不是,0,owner_no_hard_negative,train,20,2026-03-23T00:33:00+00:00,2026-03-23T00:33:00+00:00,0,0,2026-03-22T14:36:00+00:00,,,0,,,,,images/train/neg_eth3m_20260323T003300Z_t128.png,labels/train/neg_eth3m_20260323T003300Z_t128.txt
neg_eth3m_20260323T003600Z_t115,115,不是,0,owner_no_hard_negative,train,20,2026-03-23T00:36:00+00:00,2026-03-23T00:36:00+00:00,0,0,2026-03-22T14:39:00+00:00,,,0,,,,,images/train/neg_eth3m_20260323T003600Z_t115.png,labels/train/neg_eth3m_20260323T003600Z_t115.txt
pos_eth3m_20260323T062100Z_t151,151,是,1,owner_yes_early_anchor,train,21,2026-03-23T06:21:00+00:00,2026-03-23T06:36:00+00:00,5,15,2026-03-22T20:24:00+00:00,2026-03-23T05:57:00+00:00,2026-03-23T06:21:00+00:00,9,0.970703125,0.42048517520215634,0.05234375,0.10242587601078167,images/train/pos_eth3m_20260323T062100Z_t151.png,labels/train/pos_eth3m_20260323T062100Z_t151.txt
neg_eth3m_20260323T070300Z_t050,50,不是,0,owner_no_hard_negative,train,21,2026-03-23T07:03:00+00:00,2026-03-23T07:03:00+00:00,0,0,2026-03-22T21:06:00+00:00,,,0,,,,,images/train/neg_eth3m_20260323T070300Z_t050.png,labels/train/neg_eth3m_20260323T070300Z_t050.txt
pos_eth3m_20260324T130900Z_t086,86,是,1,owner_yes_early_anchor,train,22,2026-03-24T13:09:00+00:00,2026-03-24T13:45:00+00:00,12,36,2026-03-24T03:12:00+00:00,2026-03-24T12:57:00+00:00,2026-03-24T13:09:00+00:00,5,0.98046875,0.44002695417789756,0.0328125,0.06334231805929919,images/train/pos_eth3m_20260324T130900Z_t086.png,labels/train/pos_eth3m_20260324T130900Z_t086.txt
pos_eth3m_20260324T131200Z_t155,155,是,1,owner_yes_early_anchor,train,22,2026-03-24T13:12:00+00:00,2026-03-24T13:48:00+00:00,12,36,2026-03-24T03:15:00+00:00,2026-03-24T13:00:00+00:00,2026-03-24T13:12:00+00:00,5,0.98046875,0.4393530997304582,0.0328125,0.06199460916442048,images/train/pos_eth3m_20260324T131200Z_t155.png,labels/train/pos_eth3m_20260324T131200Z_t155.txt
pos_eth3m_20260324T134500Z_t161,161,是,1,owner_yes_early_anchor,train,22,2026-03-24T13:45:00+00:00,2026-03-24T14:21:00+00:00,12,36,2026-03-24T03:48:00+00:00,2026-03-24T13:33:00+00:00,2026-03-24T13:45:00+00:00,5,0.98046875,0.46765498652291104,0.0328125,0.09973045822102426,images/train/pos_eth3m_20260324T134500Z_t161.png,labels/train/pos_eth3m_20260324T134500Z_t161.txt
neg_eth3m_20260324T142400Z_t195,195,不是,0,owner_no_hard_negative,train,22,2026-03-24T14:24:00+00:00,2026-03-24T14:24:00+00:00,0,0,2026-03-24T04:27:00+00:00,,,0,,,,,images/train/neg_eth3m_20260324T142400Z_t195.png,labels/train/neg_eth3m_20260324T142400Z_t195.txt
neg_eth3m_20260324T171500Z_t147,147,不是,0,owner_no_hard_negative,train,23,2026-03-24T17:15:00+00:00,2026-03-24T17:15:00+00:00,0,0,2026-03-24T07:18:00+00:00,,,0,,,,,images/train/neg_eth3m_20260324T171500Z_t147.png,labels/train/neg_eth3m_20260324T171500Z_t147.txt
neg_eth3m_20260325T123000Z_t014,14,不是,0,owner_no_hard_negative,train,24,2026-03-25T12:30:00+00:00,2026-03-25T12:30:00+00:00,0,0,2026-03-25T02:33:00+00:00,,,0,,,,,images/train/neg_eth3m_20260325T123000Z_t014.png,labels/train/neg_eth3m_20260325T123000Z_t014.txt
pos_eth3m_20260325T143900Z_t083,83,是,1,owner_yes_early_anchor,train,25,2026-03-25T14:39:00+00:00,2026-03-25T15:15:00+00:00,12,36,2026-03-25T04:42:00+00:00,2026-03-25T14:27:00+00:00,2026-03-25T14:39:00+00:00,5,0.98046875,0.4642857142857143,0.0328125,0.0444743935309973,images/train/pos_eth3m_20260325T143900Z_t083.png,labels/train/pos_eth3m_20260325T143900Z_t083.txt
pos_eth3m_20260325T144200Z_t127,127,是,1,owner_yes_early_anchor,train,25,2026-03-25T14:42:00+00:00,2026-03-25T15:18:00+00:00,12,36,2026-03-25T04:45:00+00:00,2026-03-25T14:30:00+00:00,2026-03-25T14:42:00+00:00,5,0.98046875,0.46630727762803237,0.0328125,0.04043126684636118,images/train/pos_eth3m_20260325T144200Z_t127.png,labels/train/pos_eth3m_20260325T144200Z_t127.txt
neg_eth3m_20260325T151200Z_t037,37,不是,0,owner_no_hard_negative,train,25,2026-03-25T15:12:00+00:00,2026-03-25T15:12:00+00:00,0,0,2026-03-25T05:15:00+00:00,,,0,,,,,images/train/neg_eth3m_20260325T151200Z_t037.png,labels/train/neg_eth3m_20260325T151200Z_t037.txt
pos_eth3m_20260326T014200Z_t139,139,是,1,owner_yes_early_anchor,train,26,2026-03-26T01:42:00+00:00,2026-03-26T02:15:00+00:00,11,33,2026-03-25T15:45:00+00:00,2026-03-26T01:30:00+00:00,2026-03-26T01:42:00+00:00,5,0.98046875,0.5276280323450134,0.0328125,0.04177897574123989,images/train/pos_eth3m_20260326T014200Z_t139.png,labels/train/pos_eth3m_20260326T014200Z_t139.txt
pos_eth3m_20260326T015700Z_t199,199,是,1,owner_yes_early_anchor,train,26,2026-03-26T01:57:00+00:00,2026-03-26T02:30:00+00:00,11,33,2026-03-25T16:00:00+00:00,2026-03-26T01:45:00+00:00,2026-03-26T01:57:00+00:00,5,0.98046875,0.532345013477089,0.0328125,0.03773584905660377,images/train/pos_eth3m_20260326T015700Z_t199.png,labels/train/pos_eth3m_20260326T015700Z_t199.txt
neg_eth3m_20260326T055100Z_t005,5,不是,0,owner_no_hard_negative,train,27,2026-03-26T05:51:00+00:00,2026-03-26T05:51:00+00:00,0,0,2026-03-25T19:54:00+00:00,,,0,,,,,images/train/neg_eth3m_20260326T055100Z_t005.png,labels/train/neg_eth3m_20260326T055100Z_t005.txt
neg_eth3m_20260326T055700Z_t120,120,不是,0,owner_no_hard_negative,train,27,2026-03-26T05:57:00+00:00,2026-03-26T05:57:00+00:00,0,0,2026-03-25T20:00:00+00:00,,,0,,,,,images/train/neg_eth3m_20260326T055700Z_t120.png,labels/train/neg_eth3m_20260326T055700Z_t120.txt
neg_eth3m_20260326T093600Z_t100,100,不是,0,owner_no_hard_negative,train,28,2026-03-26T09:36:00+00:00,2026-03-26T09:36:00+00:00,0,0,2026-03-25T23:39:00+00:00,,,0,,,,,images/train/neg_eth3m_20260326T093600Z_t100.png,labels/train/neg_eth3m_20260326T093600Z_t100.txt
neg_eth3m_20260326T182100Z_t068,68,不是,0,owner_no_hard_negative,train,29,2026-03-26T18:21:00+00:00,2026-03-26T18:21:00+00:00,0,0,2026-03-26T08:24:00+00:00,,,0,,,,,images/train/neg_eth3m_20260326T182100Z_t068.png,labels/train/neg_eth3m_20260326T182100Z_t068.txt
neg_eth3m_20260327T040900Z_t114,114,不是,0,owner_no_hard_negative,train,30,2026-03-27T04:09:00+00:00,2026-03-27T04:09:00+00:00,0,0,2026-03-26T18:12:00+00:00,,,0,,,,,images/train/neg_eth3m_20260327T040900Z_t114.png,labels/train/neg_eth3m_20260327T040900Z_t114.txt
neg_eth3m_20260327T041200Z_t112,112,不是,0,owner_no_hard_negative,train,30,2026-03-27T04:12:00+00:00,2026-03-27T04:12:00+00:00,0,0,2026-03-26T18:15:00+00:00,,,0,,,,,images/train/neg_eth3m_20260327T041200Z_t112.png,labels/train/neg_eth3m_20260327T041200Z_t112.txt
pos_eth3m_20260327T081500Z_t174,174,是,1,owner_yes_early_anchor,train,31,2026-03-27T08:15:00+00:00,2026-03-27T08:39:00+00:00,8,24,2026-03-26T22:18:00+00:00,2026-03-27T08:03:00+00:00,2026-03-27T08:15:00+00:00,5,0.98046875,0.46630727762803237,0.0328125,0.0673854447439353,images/train/pos_eth3m_20260327T081500Z_t174.png,labels/train/pos_eth3m_20260327T081500Z_t174.txt
pos_eth3m_20260327T101200Z_t146,146,是,1,owner_yes_early_anchor,train,32,2026-03-27T10:12:00+00:00,2026-03-27T10:48:00+00:00,12,36,2026-03-27T00:15:00+00:00,2026-03-27T10:00:00+00:00,2026-03-27T10:12:00+00:00,5,0.98046875,0.5350404312668463,0.0328125,0.14824797843665768,images/train/pos_eth3m_20260327T101200Z_t146.png,labels/train/pos_eth3m_20260327T101200Z_t146.txt
pos_eth3m_20260327T101500Z_t171,171,是,1,owner_yes_early_anchor,train,32,2026-03-27T10:15:00+00:00,2026-03-27T10:45:00+00:00,10,30,2026-03-27T00:18:00+00:00,2026-03-27T10:03:00+00:00,2026-03-27T10:15:00+00:00,5,0.98046875,0.5363881401617251,0.0328125,0.1509433962264151,images/train/pos_eth3m_20260327T101500Z_t171.png,labels/train/pos_eth3m_20260327T101500Z_t171.txt
neg_eth3m_20260327T104200Z_t061,61,不是,0,owner_no_hard_negative,train,32,2026-03-27T10:42:00+00:00,2026-03-27T10:42:00+00:00,0,0,2026-03-27T00:45:00+00:00,,,0,,,,,images/train/neg_eth3m_20260327T104200Z_t061.png,labels/train/neg_eth3m_20260327T104200Z_t061.txt
pos_eth3m_20260328T210900Z_t187,187,是,1,owner_yes_early_anchor,train,33,2026-03-28T21:09:00+00:00,2026-03-28T21:51:00+00:00,14,42,2026-03-28T11:12:00+00:00,2026-03-28T20:57:00+00:00,2026-03-28T21:09:00+00:00,5,0.98046875,0.5033692722371967,0.0328125,0.04177897574123989,images/train/pos_eth3m_20260328T210900Z_t187.png,labels/train/pos_eth3m_20260328T210900Z_t187.txt
pos_eth3m_20260328T211800Z_t064,64,是,1,owner_yes_early_anchor,train,33,2026-03-28T21:18:00+00:00,2026-03-28T21:54:00+00:00,12,36,2026-03-28T11:21:00+00:00,2026-03-28T21:06:00+00:00,2026-03-28T21:18:00+00:00,5,0.98046875,0.5033692722371967,0.0328125,0.03638814016172507,images/train/pos_eth3m_20260328T211800Z_t064.png,labels/train/pos_eth3m_20260328T211800Z_t064.txt
neg_eth3m_20260328T232100Z_t150,150,不是,0,owner_no_hard_negative,train,34,2026-03-28T23:21:00+00:00,2026-03-28T23:21:00+00:00,0,0,2026-03-28T13:24:00+00:00,,,0,,,,,images/train/neg_eth3m_20260328T232100Z_t150.png,labels/train/neg_eth3m_20260328T232100Z_t150.txt
pos_eth3m_20260329T123600Z_t168,168,是,1,owner_yes_early_anchor,train,35,2026-03-29T12:36:00+00:00,2026-03-29T13:12:00+00:00,12,36,2026-03-29T02:39:00+00:00,2026-03-29T12:24:00+00:00,2026-03-29T12:36:00+00:00,5,0.98046875,0.5256064690026954,0.0328125,0.0431266846361186,images/train/pos_eth3m_20260329T123600Z_t168.png,labels/train/pos_eth3m_20260329T123600Z_t168.txt
pos_eth3m_20260329T220000Z_t055,55,是,1,owner_yes_early_anchor,train,36,2026-03-29T22:00:00+00:00,2026-03-29T22:09:00+00:00,3,9,2026-03-29T12:03:00+00:00,2026-03-29T21:30:00+00:00,2026-03-29T22:00:00+00:00,11,0.965625,0.46765498652291104,0.0625,0.08355795148247978,images/train/pos_eth3m_20260329T220000Z_t055.png,labels/train/pos_eth3m_20260329T220000Z_t055.txt
neg_eth3m_20260329T225400Z_t170,170,不是,0,owner_no_hard_negative,train,36,2026-03-29T22:54:00+00:00,2026-03-29T22:54:00+00:00,0,0,2026-03-29T12:57:00+00:00,,,0,,,,,images/train/neg_eth3m_20260329T225400Z_t170.png,labels/train/neg_eth3m_20260329T225400Z_t170.txt
neg_eth3m_20260330T144200Z_t084,84,不是,0,owner_no_hard_negative,train,37,2026-03-30T14:42:00+00:00,2026-03-30T14:42:00+00:00,0,0,2026-03-30T04:45:00+00:00,,,0,,,,,images/train/neg_eth3m_20260330T144200Z_t084.png,labels/train/neg_eth3m_20260330T144200Z_t084.txt
pos_eth3m_20260330T164800Z_t136,136,是,1,owner_yes_early_anchor,train,38,2026-03-30T16:48:00+00:00,2026-03-30T17:24:00+00:00,12,36,2026-03-30T06:51:00+00:00,2026-03-30T16:36:00+00:00,2026-03-30T16:48:00+00:00,5,0.98046875,0.4440700808625337,0.0328125,0.05256064690026954,images/train/pos_eth3m_20260330T164800Z_t136.png,labels/train/pos_eth3m_20260330T164800Z_t136.txt
pos_eth3m_20260330T165100Z_t063,63,是,1,owner_yes_early_anchor,train,38,2026-03-30T16:51:00+00:00,2026-03-30T17:27:00+00:00,12,36,2026-03-30T06:54:00+00:00,2026-03-30T16:39:00+00:00,2026-03-30T16:51:00+00:00,5,0.98046875,0.4481132075471698,0.0328125,0.04716981132075472,images/train/pos_eth3m_20260330T165100Z_t063.png,labels/train/pos_eth3m_20260330T165100Z_t063.txt
pos_eth3m_20260330T170300Z_t047,47,是,1,owner_yes_early_anchor,train,38,2026-03-30T17:03:00+00:00,2026-03-30T17:36:00+00:00,11,33,2026-03-30T07:06:00+00:00,2026-03-30T16:51:00+00:00,2026-03-30T17:03:00+00:00,5,0.98046875,0.4568733153638814,0.0328125,0.03504043126684636,images/train/pos_eth3m_20260330T170300Z_t047.png,labels/train/pos_eth3m_20260330T170300Z_t047.txt
neg_eth3m_20260330T230900Z_t180,180,不是,0,owner_no_hard_negative,train,39,2026-03-30T23:09:00+00:00,2026-03-30T23:09:00+00:00,0,0,2026-03-30T13:12:00+00:00,,,0,,,,,images/train/neg_eth3m_20260330T230900Z_t180.png,labels/train/neg_eth3m_20260330T230900Z_t180.txt
pos_eth3m_20260331T063900Z_t152,152,是,1,owner_yes_early_anchor,train,40,2026-03-31T06:39:00+00:00,2026-03-31T07:15:00+00:00,12,36,2026-03-30T20:42:00+00:00,2026-03-31T06:27:00+00:00,2026-03-31T06:39:00+00:00,5,0.98046875,0.4420485175202156,0.0328125,0.05390835579514825,images/train/pos_eth3m_20260331T063900Z_t152.png,labels/train/pos_eth3m_20260331T063900Z_t152.txt
pos_eth3m_20260331T064200Z_t099,99,是,1,owner_yes_early_anchor,train,40,2026-03-31T06:42:00+00:00,2026-03-31T07:18:00+00:00,12,36,2026-03-30T20:45:00+00:00,2026-03-31T06:30:00+00:00,2026-03-31T06:42:00+00:00,5,0.98046875,0.4413746630727763,0.0328125,0.057951482479784364,images/train/pos_eth3m_20260331T064200Z_t099.png,labels/train/pos_eth3m_20260331T064200Z_t099.txt
pos_eth3m_20260331T082700Z_t130,130,是,1,owner_yes_early_anchor,train,41,2026-03-31T08:27:00+00:00,2026-03-31T08:42:00+00:00,5,15,2026-03-30T22:30:00+00:00,2026-03-31T08:15:00+00:00,2026-03-31T08:27:00+00:00,5,0.98046875,0.46630727762803237,0.0328125,0.11590296495956873,images/train/pos_eth3m_20260331T082700Z_t130.png,labels/train/pos_eth3m_20260331T082700Z_t130.txt
neg_eth3m_20260331T092100Z_t102,102,不是,0,owner_no_hard_negative,train,41,2026-03-31T09:21:00+00:00,2026-03-31T09:21:00+00:00,0,0,2026-03-30T23:24:00+00:00,,,0,,,,,images/train/neg_eth3m_20260331T092100Z_t102.png,labels/train/neg_eth3m_20260331T092100Z_t102.txt
neg_eth3m_20260331T092400Z_t020,20,不是,0,owner_no_hard_negative,train,41,2026-03-31T09:24:00+00:00,2026-03-31T09:24:00+00:00,0,0,2026-03-30T23:27:00+00:00,,,0,,,,,images/train/neg_eth3m_20260331T092400Z_t020.png,labels/train/neg_eth3m_20260331T092400Z_t020.txt
neg_eth3m_20260401T180300Z_t081,81,不是,0,owner_no_hard_negative,train,42,2026-04-01T18:03:00+00:00,2026-04-01T18:03:00+00:00,0,0,2026-04-01T08:06:00+00:00,,,0,,,,,images/train/neg_eth3m_20260401T180300Z_t081.png,labels/train/neg_eth3m_20260401T180300Z_t081.txt
pos_eth3m_20260402T010300Z_t077,77,是,1,owner_yes_early_anchor,train,43,2026-04-02T01:03:00+00:00,2026-04-02T01:24:00+00:00,7,21,2026-04-01T15:06:00+00:00,2026-04-02T00:51:00+00:00,2026-04-02T01:03:00+00:00,5,0.98046875,0.4925876010781671,0.0328125,0.05525606469002695,images/train/pos_eth3m_20260402T010300Z_t077.png,labels/train/pos_eth3m_20260402T010300Z_t077.txt
pos_eth3m_20260402T011200Z_t193,193,是,1,owner_yes_early_anchor,train,43,2026-04-02T01:12:00+00:00,2026-04-02T01:27:00+00:00,5,15,2026-04-01T15:15:00+00:00,2026-04-02T01:00:00+00:00,2026-04-02T01:12:00+00:00,5,0.98046875,0.4925876010781671,0.0328125,0.04986522911051213,images/train/pos_eth3m_20260402T011200Z_t193.png,labels/train/pos_eth3m_20260402T011200Z_t193.txt
neg_eth3m_20260402T180600Z_t031,31,不是,0,owner_no_hard_negative,train,44,2026-04-02T18:06:00+00:00,2026-04-02T18:06:00+00:00,0,0,2026-04-02T08:09:00+00:00,,,0,,,,,images/train/neg_eth3m_20260402T180600Z_t031.png,labels/train/neg_eth3m_20260402T180600Z_t031.txt
pos_eth3m_20260403T123000Z_t067,67,是,1,owner_yes_early_anchor,train,45,2026-04-03T12:30:00+00:00,2026-04-03T13:00:00+00:00,10,30,2026-04-03T02:33:00+00:00,2026-04-03T12:18:00+00:00,2026-04-03T12:30:00+00:00,5,0.98046875,0.5060646900269542,0.0328125,0.03099730458221024,images/train/pos_eth3m_20260403T123000Z_t067.png,labels/train/pos_eth3m_20260403T123000Z_t067.txt
neg_eth3m_20260403T130900Z_t046,46,不是,0,owner_no_hard_negative,train,45,2026-04-03T13:09:00+00:00,2026-04-03T13:09:00+00:00,0,0,2026-04-03T03:12:00+00:00,,,0,,,,,images/train/neg_eth3m_20260403T130900Z_t046.png,labels/train/neg_eth3m_20260403T130900Z_t046.txt
neg_eth3m_20260405T060900Z_t008,8,不是,0,owner_no_hard_negative,train,46,2026-04-05T06:09:00+00:00,2026-04-05T06:09:00+00:00,0,0,2026-04-04T20:12:00+00:00,,,0,,,,,images/train/neg_eth3m_20260405T060900Z_t008.png,labels/train/neg_eth3m_20260405T060900Z_t008.txt
neg_eth3m_20260405T061800Z_t198,198,不是,0,owner_no_hard_negative,train,46,2026-04-05T06:18:00+00:00,2026-04-05T06:18:00+00:00,0,0,2026-04-04T20:21:00+00:00,,,0,,,,,images/train/neg_eth3m_20260405T061800Z_t198.png,labels/train/neg_eth3m_20260405T061800Z_t198.txt
neg_eth3m_20260405T062100Z_t178,178,不是,0,owner_no_hard_negative,train,46,2026-04-05T06:21:00+00:00,2026-04-05T06:21:00+00:00,0,0,2026-04-04T20:24:00+00:00,,,0,,,,,images/train/neg_eth3m_20260405T062100Z_t178.png,labels/train/neg_eth3m_20260405T062100Z_t178.txt
pos_eth3m_20260405T120300Z_t101,101,是,1,owner_yes_early_anchor,train,47,2026-04-05T12:03:00+00:00,2026-04-05T12:39:00+00:00,12,36,2026-04-05T02:06:00+00:00,2026-04-05T11:51:00+00:00,2026-04-05T12:03:00+00:00,5,0.98046875,0.5215633423180593,0.0328125,0.04043126684636118,images/train/pos_eth3m_20260405T120300Z_t101.png,labels/train/pos_eth3m_20260405T120300Z_t101.txt
neg_eth3m_20260405T222100Z_t138,138,不是,0,owner_no_hard_negative,train,48,2026-04-05T22:21:00+00:00,2026-04-05T22:21:00+00:00,0,0,2026-04-05T12:24:00+00:00,,,0,,,,,images/train/neg_eth3m_20260405T222100Z_t138.png,labels/train/neg_eth3m_20260405T222100Z_t138.txt
neg_eth3m_20260405T222400Z_t165,165,不是,0,owner_no_hard_negative,train,48,2026-04-05T22:24:00+00:00,2026-04-05T22:24:00+00:00,0,0,2026-04-05T12:27:00+00:00,,,0,,,,,images/train/neg_eth3m_20260405T222400Z_t165.png,labels/train/neg_eth3m_20260405T222400Z_t165.txt
pos_eth3m_20260406T165400Z_t124,124,是,1,owner_yes_early_anchor,train,49,2026-04-06T16:54:00+00:00,2026-04-06T17:00:00+00:00,2,6,2026-04-06T06:57:00+00:00,2026-04-06T16:27:00+00:00,2026-04-06T16:54:00+00:00,10,0.968359375,0.4386792452830189,0.05703125,0.12264150943396226,images/train/pos_eth3m_20260406T165400Z_t124.png,labels/train/pos_eth3m_20260406T165400Z_t124.txt
neg_eth3m_20260406T170300Z_t030,30,不是,0,owner_no_hard_negative,train,49,2026-04-06T17:03:00+00:00,2026-04-06T17:03:00+00:00,0,0,2026-04-06T07:06:00+00:00,,,0,,,,,images/train/neg_eth3m_20260406T170300Z_t030.png,labels/train/neg_eth3m_20260406T170300Z_t030.txt
pos_eth3m_20260406T221500Z_t145,145,是,1,owner_yes_early_anchor,train,50,2026-04-06T22:15:00+00:00,2026-04-06T22:54:00+00:00,13,39,2026-04-06T12:18:00+00:00,2026-04-06T22:03:00+00:00,2026-04-06T22:15:00+00:00,5,0.98046875,0.522911051212938,0.0328125,0.04582210242587601,images/train/pos_eth3m_20260406T221500Z_t145.png,labels/train/pos_eth3m_20260406T221500Z_t145.txt
neg_eth3m_20260406T230900Z_t108,108,不是,0,owner_no_hard_negative,train,50,2026-04-06T23:09:00+00:00,2026-04-06T23:09:00+00:00,0,0,2026-04-06T13:12:00+00:00,,,0,,,,,images/train/neg_eth3m_20260406T230900Z_t108.png,labels/train/neg_eth3m_20260406T230900Z_t108.txt
neg_eth3m_20260407T110000Z_t121,121,不是,0,owner_no_hard_negative,train,51,2026-04-07T11:00:00+00:00,2026-04-07T11:00:00+00:00,0,0,2026-04-07T01:03:00+00:00,,,0,,,,,images/train/neg_eth3m_20260407T110000Z_t121.png,labels/train/neg_eth3m_20260407T110000Z_t121.txt
neg_eth3m_20260407T141200Z_t200,200,不是,0,owner_no_hard_negative,train,52,2026-04-07T14:12:00+00:00,2026-04-07T14:12:00+00:00,0,0,2026-04-07T04:15:00+00:00,,,0,,,,,images/train/neg_eth3m_20260407T141200Z_t200.png,labels/train/neg_eth3m_20260407T141200Z_t200.txt
neg_eth3m_20260407T141500Z_t163,163,不是,0,owner_no_hard_negative,train,52,2026-04-07T14:15:00+00:00,2026-04-07T14:15:00+00:00,0,0,2026-04-07T04:18:00+00:00,,,0,,,,,images/train/neg_eth3m_20260407T141500Z_t163.png,labels/train/neg_eth3m_20260407T141500Z_t163.txt
pos_eth3m_20260408T133000Z_t024,24,是,1,owner_yes_early_anchor,train,53,2026-04-08T13:30:00+00:00,2026-04-08T13:42:00+00:00,4,12,2026-04-08T03:33:00+00:00,2026-04-08T13:03:00+00:00,2026-04-08T13:30:00+00:00,10,0.968359375,0.4326145552560647,0.05703125,0.09164420485175202,images/train/pos_eth3m_20260408T133000Z_t024.png,labels/train/pos_eth3m_20260408T133000Z_t024.txt
pos_eth3m_20260408T135100Z_t123,123,是,1,owner_yes_early_anchor,train,53,2026-04-08T13:51:00+00:00,2026-04-08T14:30:00+00:00,13,39,2026-04-08T03:54:00+00:00,2026-04-08T13:39:00+00:00,2026-04-08T13:51:00+00:00,5,0.98046875,0.4474393530997305,0.0328125,0.07547169811320754,images/train/pos_eth3m_20260408T135100Z_t123.png,labels/train/pos_eth3m_20260408T135100Z_t123.txt
neg_eth3m_20260408T144500Z_t048,48,不是,0,owner_no_hard_negative,train,53,2026-04-08T14:45:00+00:00,2026-04-08T14:45:00+00:00,0,0,2026-04-08T04:48:00+00:00,,,0,,,,,images/train/neg_eth3m_20260408T144500Z_t048.png,labels/train/neg_eth3m_20260408T144500Z_t048.txt
neg_eth3m_20260408T145100Z_t110,110,不是,0,owner_no_hard_negative,train,53,2026-04-08T14:51:00+00:00,2026-04-08T14:51:00+00:00,0,0,2026-04-08T04:54:00+00:00,,,0,,,,,images/train/neg_eth3m_20260408T145100Z_t110.png,labels/train/neg_eth3m_20260408T145100Z_t110.txt
neg_eth3m_20260408T185100Z_t058,58,不是,0,owner_no_hard_negative,train,54,2026-04-08T18:51:00+00:00,2026-04-08T18:51:00+00:00,0,0,2026-04-08T08:54:00+00:00,,,0,,,,,images/train/neg_eth3m_20260408T185100Z_t058.png,labels/train/neg_eth3m_20260408T185100Z_t058.txt
neg_eth3m_20260408T185400Z_t172,172,不是,0,owner_no_hard_negative,train,54,2026-04-08T18:54:00+00:00,2026-04-08T18:54:00+00:00,0,0,2026-04-08T08:57:00+00:00,,,0,,,,,images/train/neg_eth3m_20260408T185400Z_t172.png,labels/train/neg_eth3m_20260408T185400Z_t172.txt
neg_eth3m_20260408T193000Z_t092,92,不是,0,owner_no_hard_negative,train,54,2026-04-08T19:30:00+00:00,2026-04-08T19:30:00+00:00,0,0,2026-04-08T09:33:00+00:00,,,0,,,,,images/train/neg_eth3m_20260408T193000Z_t092.png,labels/train/neg_eth3m_20260408T193000Z_t092.txt
pos_eth3m_20260408T220900Z_t173,173,是,1,owner_yes_early_anchor,train,55,2026-04-08T22:09:00+00:00,2026-04-08T22:27:00+00:00,6,18,2026-04-08T12:12:00+00:00,2026-04-08T21:54:00+00:00,2026-04-08T22:09:00+00:00,6,0.978125,0.5970350404312669,0.0375,0.0646900269541779,images/train/pos_eth3m_20260408T220900Z_t173.png,labels/train/pos_eth3m_20260408T220900Z_t173.txt
pos_eth3m_20260408T222400Z_t025,25,是,1,owner_yes_early_anchor,train,55,2026-04-08T22:24:00+00:00,2026-04-08T23:00:00+00:00,12,36,2026-04-08T12:27:00+00:00,2026-04-08T22:12:00+00:00,2026-04-08T22:24:00+00:00,5,0.98046875,0.5983827493261455,0.0328125,0.05929919137466307,images/train/pos_eth3m_20260408T222400Z_t025.png,labels/train/pos_eth3m_20260408T222400Z_t025.txt
neg_eth3m_20260409T011500Z_t183,183,不是,0,owner_no_hard_negative,train,56,2026-04-09T01:15:00+00:00,2026-04-09T01:15:00+00:00,0,0,2026-04-08T15:18:00+00:00,,,0,,,,,images/train/neg_eth3m_20260409T011500Z_t183.png,labels/train/neg_eth3m_20260409T011500Z_t183.txt
neg_eth3m_20260409T011800Z_t003,3,不是,0,owner_no_hard_negative,train,56,2026-04-09T01:18:00+00:00,2026-04-09T01:18:00+00:00,0,0,2026-04-08T15:21:00+00:00,,,0,,,,,images/train/neg_eth3m_20260409T011800Z_t003.png,labels/train/neg_eth3m_20260409T011800Z_t003.txt
neg_eth3m_20260409T135100Z_t179,179,不是,0,owner_no_hard_negative,train,57,2026-04-09T13:51:00+00:00,2026-04-09T13:51:00+00:00,0,0,2026-04-09T03:54:00+00:00,,,0,,,,,images/train/neg_eth3m_20260409T135100Z_t179.png,labels/train/neg_eth3m_20260409T135100Z_t179.txt
neg_eth3m_20260409T135400Z_t054,54,不是,0,owner_no_hard_negative,train,57,2026-04-09T13:54:00+00:00,2026-04-09T13:54:00+00:00,0,0,2026-04-09T03:57:00+00:00,,,0,,,,,images/train/neg_eth3m_20260409T135400Z_t054.png,labels/train/neg_eth3m_20260409T135400Z_t054.txt
pos_eth3m_20260409T224500Z_t053,53,是,1,owner_yes_early_anchor,train,58,2026-04-09T22:45:00+00:00,2026-04-09T23:12:00+00:00,9,27,2026-04-09T12:48:00+00:00,2026-04-09T22:33:00+00:00,2026-04-09T22:45:00+00:00,5,0.98046875,0.41172506738544473,0.0328125,0.08221024258760108,images/train/pos_eth3m_20260409T224500Z_t053.png,labels/train/pos_eth3m_20260409T224500Z_t053.txt
neg_eth3m_20260412T020000Z_t043,43,不是,0,owner_no_hard_negative,train,59,2026-04-12T02:00:00+00:00,2026-04-12T02:00:00+00:00,0,0,2026-04-11T16:03:00+00:00,,,0,,,,,images/train/neg_eth3m_20260412T020000Z_t043.png,labels/train/neg_eth3m_20260412T020000Z_t043.txt
pos_eth3m_20260412T103000Z_t075,75,是,1,owner_yes_early_anchor,train,60,2026-04-12T10:30:00+00:00,2026-04-12T11:00:00+00:00,10,30,2026-04-12T00:33:00+00:00,2026-04-12T10:18:00+00:00,2026-04-12T10:30:00+00:00,5,0.98046875,0.72911051212938,0.0328125,0.05660377358490566,images/train/pos_eth3m_20260412T103000Z_t075.png,labels/train/pos_eth3m_20260412T103000Z_t075.txt
neg_eth3m_20260412T110300Z_t095,95,不是,0,owner_no_hard_negative,train,60,2026-04-12T11:03:00+00:00,2026-04-12T11:03:00+00:00,0,0,2026-04-12T01:06:00+00:00,,,0,,,,,images/train/neg_eth3m_20260412T110300Z_t095.png,labels/train/neg_eth3m_20260412T110300Z_t095.txt
neg_eth3m_20260412T130000Z_t116,116,不是,0,owner_no_hard_negative,train,61,2026-04-12T13:00:00+00:00,2026-04-12T13:00:00+00:00,0,0,2026-04-12T03:03:00+00:00,,,0,,,,,images/train/neg_eth3m_20260412T130000Z_t116.png,labels/train/neg_eth3m_20260412T130000Z_t116.txt
neg_eth3m_20260412T133900Z_t017,17,不是,0,owner_no_hard_negative,train,61,2026-04-12T13:39:00+00:00,2026-04-12T13:39:00+00:00,0,0,2026-04-12T03:42:00+00:00,,,0,,,,,images/train/neg_eth3m_20260412T133900Z_t017.png,labels/train/neg_eth3m_20260412T133900Z_t017.txt
neg_eth3m_20260412T221800Z_t182,182,不是,0,owner_no_hard_negative,train,62,2026-04-12T22:18:00+00:00,2026-04-12T22:18:00+00:00,0,0,2026-04-12T12:21:00+00:00,,,0,,,,,images/train/neg_eth3m_20260412T221800Z_t182.png,labels/train/neg_eth3m_20260412T221800Z_t182.txt
pos_eth3m_20260414T143900Z_t091,91,是,1,owner_yes_early_anchor,train,63,2026-04-14T14:39:00+00:00,2026-04-14T14:51:00+00:00,4,12,2026-04-14T04:42:00+00:00,2026-04-14T14:21:00+00:00,2026-04-14T14:39:00+00:00,7,0.97578125,0.5080862533692723,0.0421875,0.10512129380053908,images/train/pos_eth3m_20260414T143900Z_t091.png,labels/train/pos_eth3m_20260414T143900Z_t091.txt
pos_eth3m_20260414T144200Z_t009,9,是,1,owner_yes_early_anchor,train,63,2026-04-14T14:42:00+00:00,2026-04-14T15:03:00+00:00,7,21,2026-04-14T04:45:00+00:00,2026-04-14T14:30:00+00:00,2026-04-14T14:42:00+00:00,5,0.98046875,0.5053908355795148,0.0328125,0.09433962264150944,images/train/pos_eth3m_20260414T144200Z_t009.png,labels/train/pos_eth3m_20260414T144200Z_t009.txt
pos_eth3m_20260414T161800Z_t153,153,是,1,owner_yes_early_anchor,train,64,2026-04-14T16:18:00+00:00,2026-04-14T16:57:00+00:00,13,39,2026-04-14T06:21:00+00:00,2026-04-14T16:06:00+00:00,2026-04-14T16:18:00+00:00,5,0.98046875,0.555256064690027,0.0328125,0.1725067385444744,images/train/pos_eth3m_20260414T161800Z_t153.png,labels/train/pos_eth3m_20260414T161800Z_t153.txt
neg_eth3m_20260415T024500Z_t051,51,不是,0,owner_no_hard_negative,train,65,2026-04-15T02:45:00+00:00,2026-04-15T02:45:00+00:00,0,0,2026-04-14T16:48:00+00:00,,,0,,,,,images/train/neg_eth3m_20260415T024500Z_t051.png,labels/train/neg_eth3m_20260415T024500Z_t051.txt
neg_eth3m_20260415T053600Z_t176,176,不是,0,owner_no_hard_negative,train,66,2026-04-15T05:36:00+00:00,2026-04-15T05:36:00+00:00,0,0,2026-04-14T19:39:00+00:00,,,0,,,,,images/train/neg_eth3m_20260415T053600Z_t176.png,labels/train/neg_eth3m_20260415T053600Z_t176.txt
pos_eth3m_20260416T071500Z_t072,72,是,1,owner_yes_early_anchor,train,67,2026-04-16T07:15:00+00:00,2026-04-16T07:54:00+00:00,13,39,2026-04-15T21:18:00+00:00,2026-04-16T07:03:00+00:00,2026-04-16T07:15:00+00:00,5,0.98046875,0.5397574123989218,0.0328125,0.022911051212938006,images/train/pos_eth3m_20260416T071500Z_t072.png,labels/train/pos_eth3m_20260416T071500Z_t072.txt
pos_eth3m_20260416T133600Z_t066,66,是,1,owner_yes_early_anchor,train,68,2026-04-16T13:36:00+00:00,2026-04-16T13:51:00+00:00,5,15,2026-04-16T03:39:00+00:00,2026-04-16T13:15:00+00:00,2026-04-16T13:36:00+00:00,8,0.973046875,0.5390835579514824,0.04765625,0.0673854447439353,images/train/pos_eth3m_20260416T133600Z_t066.png,labels/train/pos_eth3m_20260416T133600Z_t066.txt
pos_eth3m_20260416T134200Z_t090,90,是,1,owner_yes_early_anchor,train,68,2026-04-16T13:42:00+00:00,2026-04-16T14:06:00+00:00,8,24,2026-04-16T03:45:00+00:00,2026-04-16T13:30:00+00:00,2026-04-16T13:42:00+00:00,5,0.98046875,0.5363881401617251,0.0328125,0.05660377358490566,images/train/pos_eth3m_20260416T134200Z_t090.png,labels/train/pos_eth3m_20260416T134200Z_t090.txt
neg_eth3m_20260417T013000Z_t159,159,不是,0,owner_no_hard_negative,train,69,2026-04-17T01:30:00+00:00,2026-04-17T01:30:00+00:00,0,0,2026-04-16T15:33:00+00:00,,,0,,,,,images/train/neg_eth3m_20260417T013000Z_t159.png,labels/train/neg_eth3m_20260417T013000Z_t159.txt
neg_eth3m_20260417T050900Z_t129,129,不是,0,owner_no_hard_negative,train,70,2026-04-17T05:09:00+00:00,2026-04-17T05:09:00+00:00,0,0,2026-04-16T19:12:00+00:00,,,0,,,,,images/train/neg_eth3m_20260417T050900Z_t129.png,labels/train/neg_eth3m_20260417T050900Z_t129.txt
neg_eth3m_20260417T104200Z_t018,18,不是,0,owner_no_hard_negative,train,71,2026-04-17T10:42:00+00:00,2026-04-17T10:42:00+00:00,0,0,2026-04-17T00:45:00+00:00,,,0,,,,,images/train/neg_eth3m_20260417T104200Z_t018.png,labels/train/neg_eth3m_20260417T104200Z_t018.txt
neg_eth3m_20260417T181200Z_t001,1,不是,0,owner_no_hard_negative,train,72,2026-04-17T18:12:00+00:00,2026-04-17T18:12:00+00:00,0,0,2026-04-17T08:15:00+00:00,,,0,,,,,images/train/neg_eth3m_20260417T181200Z_t001.png,labels/train/neg_eth3m_20260417T181200Z_t001.txt
pos_eth3m_20260418T073900Z_t169,169,是,1,owner_yes_early_anchor,train,73,2026-04-18T07:39:00+00:00,2026-04-18T08:18:00+00:00,13,39,2026-04-17T21:42:00+00:00,2026-04-18T07:27:00+00:00,2026-04-18T07:39:00+00:00,5,0.98046875,0.5619946091644205,0.0328125,0.05121293800539083,images/train/pos_eth3m_20260418T073900Z_t169.png,labels/train/pos_eth3m_20260418T073900Z_t169.txt
pos_eth3m_20260418T180000Z_t062,62,是,1,owner_yes_early_anchor,train,74,2026-04-18T18:00:00+00:00,2026-04-18T18:30:00+00:00,10,30,2026-04-18T08:03:00+00:00,2026-04-18T17:48:00+00:00,2026-04-18T18:00:00+00:00,5,0.98046875,0.5963611859838275,0.0328125,0.03908355795148248,images/train/pos_eth3m_20260418T180000Z_t062.png,labels/train/pos_eth3m_20260418T180000Z_t062.txt
neg_eth3m_20260419T023300Z_t137,137,不是,0,owner_no_hard_negative,train,75,2026-04-19T02:33:00+00:00,2026-04-19T02:33:00+00:00,0,0,2026-04-18T16:36:00+00:00,,,0,,,,,images/train/neg_eth3m_20260419T023300Z_t137.png,labels/train/neg_eth3m_20260419T023300Z_t137.txt
pos_eth3m_20260419T042100Z_t034,34,是,1,owner_yes_early_anchor,train,76,2026-04-19T04:21:00+00:00,2026-04-19T04:45:00+00:00,8,24,2026-04-18T18:24:00+00:00,2026-04-19T04:09:00+00:00,2026-04-19T04:21:00+00:00,5,0.98046875,0.5134770889487871,0.0328125,0.05660377358490566,images/train/pos_eth3m_20260419T042100Z_t034.png,labels/train/pos_eth3m_20260419T042100Z_t034.txt
neg_eth3m_20260419T071800Z_t028,28,不是,0,owner_no_hard_negative,train,77,2026-04-19T07:18:00+00:00,2026-04-19T07:18:00+00:00,0,0,2026-04-18T21:21:00+00:00,,,0,,,,,images/train/neg_eth3m_20260419T071800Z_t028.png,labels/train/neg_eth3m_20260419T071800Z_t028.txt
pos_eth3m_20260419T161200Z_t015,15,是,1,owner_yes_early_anchor,val,78,2026-04-19T16:12:00+00:00,2026-04-19T16:54:00+00:00,14,42,2026-04-19T06:15:00+00:00,2026-04-19T16:00:00+00:00,2026-04-19T16:12:00+00:00,5,0.98046875,0.4440700808625337,0.0328125,0.06334231805929919,images/val/pos_eth3m_20260419T161200Z_t015.png,labels/val/pos_eth3m_20260419T161200Z_t015.txt
neg_eth3m_20260419T205700Z_t078,78,不是,0,owner_no_hard_negative,val,79,2026-04-19T20:57:00+00:00,2026-04-19T20:57:00+00:00,0,0,2026-04-19T11:00:00+00:00,,,0,,,,,images/val/neg_eth3m_20260419T205700Z_t078.png,labels/val/neg_eth3m_20260419T205700Z_t078.txt
neg_eth3m_20260419T221200Z_t057,57,不是,0,owner_no_hard_negative,val,80,2026-04-19T22:12:00+00:00,2026-04-19T22:12:00+00:00,0,0,2026-04-19T12:15:00+00:00,,,0,,,,,images/val/neg_eth3m_20260419T221200Z_t057.png,labels/val/neg_eth3m_20260419T221200Z_t057.txt
pos_eth3m_20260420T050600Z_t033,33,是,1,owner_yes_early_anchor,val,81,2026-04-20T05:06:00+00:00,2026-04-20T05:24:00+00:00,6,18,2026-04-19T19:09:00+00:00,2026-04-20T04:45:00+00:00,2026-04-20T05:06:00+00:00,8,0.973046875,0.5390835579514824,0.04765625,0.05390835579514825,images/val/pos_eth3m_20260420T050600Z_t033.png,labels/val/pos_eth3m_20260420T050600Z_t033.txt
neg_eth3m_20260420T052700Z_t103,103,不是,0,owner_no_hard_negative,val,81,2026-04-20T05:27:00+00:00,2026-04-20T05:27:00+00:00,0,0,2026-04-19T19:30:00+00:00,,,0,,,,,images/val/neg_eth3m_20260420T052700Z_t103.png,labels/val/neg_eth3m_20260420T052700Z_t103.txt
neg_eth3m_20260420T140900Z_t016,16,不是,0,owner_no_hard_negative,val,82,2026-04-20T14:09:00+00:00,2026-04-20T14:09:00+00:00,0,0,2026-04-20T04:12:00+00:00,,,0,,,,,images/val/neg_eth3m_20260420T140900Z_t016.png,labels/val/neg_eth3m_20260420T140900Z_t016.txt
neg_eth3m_20260420T144200Z_t045,45,不是,0,owner_no_hard_negative,val,82,2026-04-20T14:42:00+00:00,2026-04-20T14:42:00+00:00,0,0,2026-04-20T04:45:00+00:00,,,0,,,,,images/val/neg_eth3m_20260420T144200Z_t045.png,labels/val/neg_eth3m_20260420T144200Z_t045.txt
pos_eth3m_20260421T120600Z_t098,98,是,1,owner_yes_early_anchor,val,83,2026-04-21T12:06:00+00:00,2026-04-21T12:45:00+00:00,13,39,2026-04-21T02:09:00+00:00,2026-04-21T11:54:00+00:00,2026-04-21T12:06:00+00:00,5,0.98046875,0.46765498652291104,0.0328125,0.04043126684636118,images/val/pos_eth3m_20260421T120600Z_t098.png,labels/val/pos_eth3m_20260421T120600Z_t098.txt
neg_eth3m_20260421T124800Z_t164,164,不是,0,owner_no_hard_negative,val,83,2026-04-21T12:48:00+00:00,2026-04-21T12:48:00+00:00,0,0,2026-04-21T02:51:00+00:00,,,0,,,,,images/val/neg_eth3m_20260421T124800Z_t164.png,labels/val/neg_eth3m_20260421T124800Z_t164.txt
neg_eth3m_20260421T150300Z_t109,109,不是,0,owner_no_hard_negative,val,84,2026-04-21T15:03:00+00:00,2026-04-21T15:03:00+00:00,0,0,2026-04-21T05:06:00+00:00,,,0,,,,,images/val/neg_eth3m_20260421T150300Z_t109.png,labels/val/neg_eth3m_20260421T150300Z_t109.txt
neg_eth3m_20260421T171800Z_t035,35,不是,0,owner_no_hard_negative,val,85,2026-04-21T17:18:00+00:00,2026-04-21T17:18:00+00:00,0,0,2026-04-21T07:21:00+00:00,,,0,,,,,images/val/neg_eth3m_20260421T171800Z_t035.png,labels/val/neg_eth3m_20260421T171800Z_t035.txt
neg_eth3m_20260421T194200Z_t119,119,不是,0,owner_no_hard_negative,val,86,2026-04-21T19:42:00+00:00,2026-04-21T19:42:00+00:00,0,0,2026-04-21T09:45:00+00:00,,,0,,,,,images/val/neg_eth3m_20260421T194200Z_t119.png,labels/val/neg_eth3m_20260421T194200Z_t119.txt
neg_eth3m_20260421T194500Z_t122,122,不是,0,owner_no_hard_negative,val,86,2026-04-21T19:45:00+00:00,2026-04-21T19:45:00+00:00,0,0,2026-04-21T09:48:00+00:00,,,0,,,,,images/val/neg_eth3m_20260421T194500Z_t122.png,labels/val/neg_eth3m_20260421T194500Z_t122.txt
neg_eth3m_20260422T144500Z_t002,2,不是,0,owner_no_hard_negative,val,87,2026-04-22T14:45:00+00:00,2026-04-22T14:45:00+00:00,0,0,2026-04-22T04:48:00+00:00,,,0,,,,,images/val/neg_eth3m_20260422T144500Z_t002.png,labels/val/neg_eth3m_20260422T144500Z_t002.txt
neg_eth3m_20260422T145100Z_t181,181,不是,0,owner_no_hard_negative,val,87,2026-04-22T14:51:00+00:00,2026-04-22T14:51:00+00:00,0,0,2026-04-22T04:54:00+00:00,,,0,,,,,images/val/neg_eth3m_20260422T145100Z_t181.png,labels/val/neg_eth3m_20260422T145100Z_t181.txt
pos_eth3m_20260422T231800Z_t071,71,是,1,owner_yes_early_anchor,val,88,2026-04-22T23:18:00+00:00,2026-04-22T23:33:00+00:00,5,15,2026-04-22T13:21:00+00:00,2026-04-22T23:06:00+00:00,2026-04-22T23:18:00+00:00,5,0.98046875,0.5397574123989218,0.0328125,0.01752021563342318,images/val/pos_eth3m_20260422T231800Z_t071.png,labels/val/pos_eth3m_20260422T231800Z_t071.txt
neg_eth3m_20260423T001200Z_t093,93,不是,0,owner_no_hard_negative,val,88,2026-04-23T00:12:00+00:00,2026-04-23T00:12:00+00:00,0,0,2026-04-22T14:15:00+00:00,,,0,,,,,images/val/neg_eth3m_20260423T001200Z_t093.png,labels/val/neg_eth3m_20260423T001200Z_t093.txt
neg_eth3m_20260423T032100Z_t082,82,不是,0,owner_no_hard_negative,val,89,2026-04-23T03:21:00+00:00,2026-04-23T03:21:00+00:00,0,0,2026-04-22T17:24:00+00:00,,,0,,,,,images/val/neg_eth3m_20260423T032100Z_t082.png,labels/val/neg_eth3m_20260423T032100Z_t082.txt
pos_eth3m_20260423T073600Z_t133,133,是,1,owner_yes_early_anchor,val,90,2026-04-23T07:36:00+00:00,2026-04-23T08:03:00+00:00,9,27,2026-04-22T21:39:00+00:00,2026-04-23T07:24:00+00:00,2026-04-23T07:36:00+00:00,5,0.98046875,0.5977088948787062,0.0328125,0.04986522911051213,images/val/pos_eth3m_20260423T073600Z_t133.png,labels/val/pos_eth3m_20260423T073600Z_t133.txt
neg_eth3m_20260423T090600Z_t007,7,不是,0,owner_no_hard_negative,val,91,2026-04-23T09:06:00+00:00,2026-04-23T09:06:00+00:00,0,0,2026-04-22T23:09:00+00:00,,,0,,,,,images/val/neg_eth3m_20260423T090600Z_t007.png,labels/val/neg_eth3m_20260423T090600Z_t007.txt
neg_eth3m_20260423T090900Z_t158,158,不是,0,owner_no_hard_negative,val,91,2026-04-23T09:09:00+00:00,2026-04-23T09:09:00+00:00,0,0,2026-04-22T23:12:00+00:00,,,0,,,,,images/val/neg_eth3m_20260423T090900Z_t158.png,labels/val/neg_eth3m_20260423T090900Z_t158.txt
neg_eth3m_20260423T091200Z_t113,113,不是,0,owner_no_hard_negative,val,91,2026-04-23T09:12:00+00:00,2026-04-23T09:12:00+00:00,0,0,2026-04-22T23:15:00+00:00,,,0,,,,,images/val/neg_eth3m_20260423T091200Z_t113.png,labels/val/neg_eth3m_20260423T091200Z_t113.txt
pos_eth3m_20260423T165100Z_t080,80,是,1,owner_yes_early_anchor,val,92,2026-04-23T16:51:00+00:00,2026-04-23T17:03:00+00:00,4,12,2026-04-23T06:54:00+00:00,2026-04-23T16:24:00+00:00,2026-04-23T16:51:00+00:00,10,0.968359375,0.5053908355795148,0.05703125,0.07008086253369272,images/val/pos_eth3m_20260423T165100Z_t080.png,labels/val/pos_eth3m_20260423T165100Z_t080.txt
neg_eth3m_20260423T174500Z_t118,118,不是,0,owner_no_hard_negative,val,92,2026-04-23T17:45:00+00:00,2026-04-23T17:45:00+00:00,0,0,2026-04-23T07:48:00+00:00,,,0,,,,,images/val/neg_eth3m_20260423T174500Z_t118.png,labels/val/neg_eth3m_20260423T174500Z_t118.txt
neg_eth3m_20260423T174800Z_t156,156,不是,0,owner_no_hard_negative,val,92,2026-04-23T17:48:00+00:00,2026-04-23T17:48:00+00:00,0,0,2026-04-23T07:51:00+00:00,,,0,,,,,images/val/neg_eth3m_20260423T174800Z_t156.png,labels/val/neg_eth3m_20260423T174800Z_t156.txt
pos_eth3m_20260424T030000Z_t126,126,是,1,owner_yes_early_anchor,val,93,2026-04-24T03:00:00+00:00,2026-04-24T03:39:00+00:00,13,39,2026-04-23T17:03:00+00:00,2026-04-24T02:48:00+00:00,2026-04-24T03:00:00+00:00,5,0.98046875,0.4063342318059299,0.0328125,0.04177897574123989,images/val/pos_eth3m_20260424T030000Z_t126.png,labels/val/pos_eth3m_20260424T030000Z_t126.txt
neg_eth3m_20260424T033300Z_t029,29,不是,0,owner_no_hard_negative,val,93,2026-04-24T03:33:00+00:00,2026-04-24T03:33:00+00:00,0,0,2026-04-23T17:36:00+00:00,,,0,,,,,images/val/neg_eth3m_20260424T033300Z_t029.png,labels/val/neg_eth3m_20260424T033300Z_t029.txt
neg_eth3m_20260424T033600Z_t040,40,不是,0,owner_no_hard_negative,val,93,2026-04-24T03:36:00+00:00,2026-04-24T03:36:00+00:00,0,0,2026-04-23T17:39:00+00:00,,,0,,,,,images/val/neg_eth3m_20260424T033600Z_t040.png,labels/val/neg_eth3m_20260424T033600Z_t040.txt
pos_eth3m_20260427T045400Z_t143,143,是,1,owner_yes_early_anchor,val,94,2026-04-27T04:54:00+00:00,2026-04-27T05:06:00+00:00,4,12,2026-04-26T18:57:00+00:00,2026-04-27T04:36:00+00:00,2026-04-27T04:54:00+00:00,7,0.97578125,0.4272237196765499,0.0421875,0.1105121293800539,images/val/pos_eth3m_20260427T045400Z_t143.png,labels/val/pos_eth3m_20260427T045400Z_t143.txt
pos_eth3m_20260427T045700Z_t106,106,是,1,owner_yes_early_anchor,val,94,2026-04-27T04:57:00+00:00,2026-04-27T05:24:00+00:00,9,27,2026-04-26T19:00:00+00:00,2026-04-27T04:45:00+00:00,2026-04-27T04:57:00+00:00,5,0.98046875,0.42587601078167114,0.0328125,0.10242587601078167,images/val/pos_eth3m_20260427T045700Z_t106.png,labels/val/pos_eth3m_20260427T045700Z_t106.txt
pos_eth3m_20260427T050300Z_t079,79,是,1,owner_yes_early_anchor,val,94,2026-04-27T05:03:00+00:00,2026-04-27T05:33:00+00:00,10,30,2026-04-26T19:06:00+00:00,2026-04-27T04:51:00+00:00,2026-04-27T05:03:00+00:00,5,0.98046875,0.42654986522911054,0.0328125,0.09568733153638814,images/val/pos_eth3m_20260427T050300Z_t079.png,labels/val/pos_eth3m_20260427T050300Z_t079.txt
neg_eth3m_20260427T053600Z_t060,60,不是,0,owner_no_hard_negative,val,94,2026-04-27T05:36:00+00:00,2026-04-27T05:36:00+00:00,0,0,2026-04-26T19:39:00+00:00,,,0,,,,,images/val/neg_eth3m_20260427T053600Z_t060.png,labels/val/neg_eth3m_20260427T053600Z_t060.txt
pos_eth3m_20260427T145400Z_t032,32,是,1,owner_yes_early_anchor,val,95,2026-04-27T14:54:00+00:00,2026-04-27T15:12:00+00:00,6,18,2026-04-27T04:57:00+00:00,2026-04-27T14:36:00+00:00,2026-04-27T14:54:00+00:00,7,0.97578125,0.6859838274932615,0.0421875,0.07008086253369272,images/val/pos_eth3m_20260427T145400Z_t032.png,labels/val/pos_eth3m_20260427T145400Z_t032.txt
pos_eth3m_20260428T022400Z_t125,125,是,1,owner_yes_early_anchor,val,96,2026-04-28T02:24:00+00:00,2026-04-28T02:45:00+00:00,7,21,2026-04-27T16:27:00+00:00,2026-04-28T02:09:00+00:00,2026-04-28T02:24:00+00:00,6,0.978125,0.4568733153638814,0.0375,0.06199460916442048,images/val/pos_eth3m_20260428T022400Z_t125.png,labels/val/pos_eth3m_20260428T022400Z_t125.txt
neg_eth3m_20260428T064200Z_t094,94,不是,0,owner_no_hard_negative,val,97,2026-04-28T06:42:00+00:00,2026-04-28T06:42:00+00:00,0,0,2026-04-27T20:45:00+00:00,,,0,,,,,images/val/neg_eth3m_20260428T064200Z_t094.png,labels/val/neg_eth3m_20260428T064200Z_t094.txt
neg_eth3m_20260428T064500Z_t135,135,不是,0,owner_no_hard_negative,val,97,2026-04-28T06:45:00+00:00,2026-04-28T06:45:00+00:00,0,0,2026-04-27T20:48:00+00:00,,,0,,,,,images/val/neg_eth3m_20260428T064500Z_t135.png,labels/val/neg_eth3m_20260428T064500Z_t135.txt
pos_eth3m_20260429T120000Z_t011,11,是,1,owner_yes_early_anchor,val,98,2026-04-29T12:00:00+00:00,2026-04-29T12:24:00+00:00,8,24,2026-04-29T02:03:00+00:00,2026-04-29T11:48:00+00:00,2026-04-29T12:00:00+00:00,5,0.98046875,0.40431266846361186,0.0328125,0.05929919137466307,images/val/pos_eth3m_20260429T120000Z_t011.png,labels/val/pos_eth3m_20260429T120000Z_t011.txt
neg_eth3m_20260429T134200Z_t087,87,不是,0,owner_no_hard_negative,val,99,2026-04-29T13:42:00+00:00,2026-04-29T13:42:00+00:00,0,0,2026-04-29T03:45:00+00:00,,,0,,,,,images/val/neg_eth3m_20260429T134200Z_t087.png,labels/val/neg_eth3m_20260429T134200Z_t087.txt
neg_eth3m_20260429T154800Z_t189,189,不是,0,owner_no_hard_negative,val,100,2026-04-29T15:48:00+00:00,2026-04-29T15:48:00+00:00,0,0,2026-04-29T05:51:00+00:00,,,0,,,,,images/val/neg_eth3m_20260429T154800Z_t189.png,labels/val/neg_eth3m_20260429T154800Z_t189.txt
neg_eth3m_20260429T155100Z_t194,194,不是,0,owner_no_hard_negative,val,100,2026-04-29T15:51:00+00:00,2026-04-29T15:51:00+00:00,0,0,2026-04-29T05:54:00+00:00,,,0,,,,,images/val/neg_eth3m_20260429T155100Z_t194.png,labels/val/neg_eth3m_20260429T155100Z_t194.txt
neg_eth3m_20260429T155400Z_t184,184,不是,0,owner_no_hard_negative,val,100,2026-04-29T15:54:00+00:00,2026-04-29T15:54:00+00:00,0,0,2026-04-29T05:57:00+00:00,,,0,,,,,images/val/neg_eth3m_20260429T155400Z_t184.png,labels/val/neg_eth3m_20260429T155400Z_t184.txt
neg_eth3m_20260429T182400Z_t059,59,不是,0,owner_no_hard_negative,val,101,2026-04-29T18:24:00+00:00,2026-04-29T18:24:00+00:00,0,0,2026-04-29T08:27:00+00:00,,,0,,,,,images/val/neg_eth3m_20260429T182400Z_t059.png,labels/val/neg_eth3m_20260429T182400Z_t059.txt
neg_eth3m_20260430T024500Z_t157,157,不是,0,owner_no_hard_negative,val,102,2026-04-30T02:45:00+00:00,2026-04-30T02:45:00+00:00,0,0,2026-04-29T16:48:00+00:00,,,0,,,,,images/val/neg_eth3m_20260430T024500Z_t157.png,labels/val/neg_eth3m_20260430T024500Z_t157.txt
neg_eth3m_20260430T024800Z_t036,36,不是,0,owner_no_hard_negative,val,102,2026-04-30T02:48:00+00:00,2026-04-30T02:48:00+00:00,0,0,2026-04-29T16:51:00+00:00,,,0,,,,,images/val/neg_eth3m_20260430T024800Z_t036.png,labels/val/neg_eth3m_20260430T024800Z_t036.txt
neg_eth3m_20260430T033000Z_t004,4,不是,0,owner_no_hard_negative,val,102,2026-04-30T03:30:00+00:00,2026-04-30T03:30:00+00:00,0,0,2026-04-29T17:33:00+00:00,,,0,,,,,images/val/neg_eth3m_20260430T033000Z_t004.png,labels/val/neg_eth3m_20260430T033000Z_t004.txt
pos_eth3m_20260501T200000Z_t006,6,是,1,owner_yes_early_anchor,val,103,2026-05-01T20:00:00+00:00,2026-05-01T20:39:00+00:00,13,39,2026-05-01T10:03:00+00:00,2026-05-01T19:48:00+00:00,2026-05-01T20:00:00+00:00,5,0.98046875,0.46900269541778977,0.0328125,0.029649595687331536,images/val/pos_eth3m_20260501T200000Z_t006.png,labels/val/pos_eth3m_20260501T200000Z_t006.txt
pos_eth3m_20260501T200600Z_t069,69,是,1,owner_yes_early_anchor,val,103,2026-05-01T20:06:00+00:00,2026-05-01T20:42:00+00:00,12,36,2026-05-01T10:09:00+00:00,2026-05-01T19:54:00+00:00,2026-05-01T20:06:00+00:00,5,0.98046875,0.4696765498652291,0.0328125,0.02830188679245283,images/val/pos_eth3m_20260501T200600Z_t069.png,labels/val/pos_eth3m_20260501T200600Z_t069.txt
pos_eth3m_20260501T201800Z_t070,70,是,1,owner_yes_early_anchor,val,103,2026-05-01T20:18:00+00:00,2026-05-01T20:54:00+00:00,12,36,2026-05-01T10:21:00+00:00,2026-05-01T20:06:00+00:00,2026-05-01T20:18:00+00:00,5,0.98046875,0.4811320754716981,0.0328125,0.026954177897574125,images/val/pos_eth3m_20260501T201800Z_t070.png,labels/val/pos_eth3m_20260501T201800Z_t070.txt
